sermon_id,church_id,date,series,topic,duration_minutes,engagement_score
1,1,2024-01-07 13:11:46.223087,The Holy Spirit,Spirit,41,0.6932927151426963
2,1,2024-01-14 13:11:46.223087,The Holy Spirit,Power,28,0.6900164967317691
3,1,2024-01-21 13:11:46.223087,Living with Purpose,Mission,34,0.7086898109455401
4,1,2024-01-28 13:11:46.223087,Prayers That Transform,Prayer,37,0.6739116633912612
5,1,2024-02-04 13:11:46.223087,Financial Freedom,Stewardship,40,0.7308155064757565
6,1,2024-02-11 13:11:46.223087,Family Matters,Family,32,0.8685954185777841
7,1,2024-02-18 13:11:46.223087,Family Matters,Family,49,0.9401681082648903
8,1,2024-02-25 13:11:46.223087,The Holy Spirit,Power,29,0.913667483301396
9,1,2024-03-03 13:11:46.223087,Prayers That Transform,Faith,28,0.6505021352515822
10,1,2024-03-10 13:11:46.223087,Faith in Action,Service,20,0.9088144600412553
11,1,2024-03-17 13:11:46.223087,Living with Purpose,Mission,31,0.7735381392746312
12,1,2024-03-24 13:11:46.223087,Living with Purpose,Mission,50,0.7782919378461001
13,1,2024-03-31 13:11:46.223087,Financial Freedom,Contentment,33,0.7401854853203147
14,1,2024-04-07 13:11:46.223087,Prayers That Transform,Prayer,42,0.7582170796871256
15,1,2024-04-14 13:11:46.223087,The Gospel of Matthew,Jesus,32,0.9161380638445371
16,1,2024-04-21 13:11:46.223087,Financial Freedom,Giving,40,0.6593192608582581
17,1,2024-04-28 13:11:46.223087,Financial Freedom,Trust,49,0.7576143472435084
18,1,2024-05-05 13:11:46.223087,Living with Purpose,Service,34,0.7025668705658101
19,1,2024-05-12 13:11:46.223087,Faith in Action,Service,31,0.6948479717543221
20,1,2024-05-19 13:11:46.223087,Living with Purpose,Calling,30,0.7759171528416683
21,1,2024-05-26 13:11:46.223087,Family Matters,Parenting,43,0.9349988163075
22,1,2024-06-02 13:11:46.223087,The Holy Spirit,Gifts,36,0.9420737457108084
23,1,2024-06-09 13:11:46.223087,Faith in Action,Service,24,0.948350581070201
24,1,2024-06-16 13:11:46.223087,Family Matters,Parenting,40,0.8431138943403039
25,1,2024-06-23 13:11:46.223087,Prayers That Transform,Hope,30,0.7587895202272357
26,1,2024-06-30 13:11:46.223087,Financial Freedom,Giving,31,0.8258488321353423
27,1,2024-07-07 13:11:46.223087,Prayers That Transform,Hope,27,0.74954366086482
28,1,2024-07-14 13:11:46.223087,Prayers That Transform,Miracles,33,0.7219856255073476
29,1,2024-07-21 13:11:46.223087,Prayers That Transform,Hope,47,0.9193104872182274
30,1,2024-07-28 13:11:46.223087,The Holy Spirit,Gifts,32,0.9312984938491259
31,1,2024-08-04 13:11:46.223087,Living with Purpose,Mission,37,0.6644988810587547
32,1,2024-08-11 13:11:46.223087,Faith in Action,Service,48,0.6785883581019917
33,1,2024-08-18 13:11:46.223087,The Holy Spirit,Fruit,26,0.9074439315465932
34,1,2024-08-25 13:11:46.223087,Financial Freedom,Giving,36,0.7379124867412722
35,1,2024-09-01 13:11:46.223087,Family Matters,Marriage,36,0.6742673952050963
36,1,2024-09-08 13:11:46.223087,Faith in Action,Faith,36,0.7478602845789327
37,1,2024-09-15 13:11:46.223087,Living with Purpose,Purpose,36,0.8232931554805466
38,1,2024-09-22 13:11:46.223087,The Gospel of Matthew,Scripture,41,0.6995808978738413
39,1,2024-09-29 13:11:46.223087,The Gospel of Matthew,Jesus,41,0.781265160048357
40,1,2024-10-06 13:11:46.223087,Family Matters,Family,35,0.6980584231724607
41,1,2024-10-13 13:11:46.223087,The Holy Spirit,Fruit,33,0.9283719079644026
42,1,2024-10-20 13:11:46.223087,Financial Freedom,Stewardship,32,0.7266449212819633
43,1,2024-10-27 13:11:46.223087,Living with Purpose,Service,20,0.8040641181707183
44,1,2024-11-03 13:11:46.223087,Financial Freedom,Giving,43,0.9157969946004261
45,1,2024-11-10 13:11:46.223087,Family Matters,Family,22,0.8932050718255642
46,1,2024-11-17 13:11:46.223087,Prayers That Transform,Prayer,27,0.8242326874497165
47,1,2024-11-24 13:11:46.223087,The Holy Spirit,Gifts,31,0.6663610441292361
48,1,2024-12-01 13:11:46.223087,Faith in Action,Service,28,0.7596175253230568
49,1,2024-12-08 13:11:46.223087,The Gospel of Matthew,Discipleship,53,0.6988871135257018
50,1,2024-12-15 13:11:46.223087,Prayers That Transform,Faith,31,0.7180286556288318
51,1,2024-12-22 13:11:46.223087,Financial Freedom,Contentment,26,0.9491771562019875
52,1,2024-12-29 13:11:46.223087,Living with Purpose,Purpose,30,0.8387991249149387
53,1,2025-01-05 13:11:46.223087,Financial Freedom,Contentment,32,0.7731814954325973
54,1,2025-01-12 13:11:46.223087,Family Matters,Parenting,33,0.792363022598646
55,1,2025-01-19 13:11:46.223087,Faith in Action,Service,39,0.879341812800346
56,1,2025-01-26 13:11:46.223087,The Holy Spirit,Power,31,0.8023786474129504
57,1,2025-02-02 13:11:46.223087,Living with Purpose,Calling,33,0.8089946966326101
58,1,2025-02-09 13:11:46.223087,Family Matters,Family,39,0.880017322780388
59,1,2025-02-16 13:11:46.223087,Prayers That Transform,Miracles,47,0.9214301145553714
60,1,2025-02-23 13:11:46.223087,The Gospel of Matthew,Discipleship,41,0.7073539040922705
61,1,2025-03-02 13:11:46.223087,Living with Purpose,Purpose,39,0.7038225154179453
62,1,2025-03-09 13:11:46.223087,Living with Purpose,Calling,27,0.8085794275292197
63,1,2025-03-16 13:11:46.223087,Financial Freedom,Contentment,32,0.8294345764728607
64,1,2025-03-23 13:11:46.223087,Financial Freedom,Trust,40,0.8428988943197668
65,1,2025-03-30 13:11:46.223087,Faith in Action,Service,40,0.7187458805949816
66,1,2025-04-06 13:11:46.223087,Living with Purpose,Service,31,0.8851525925929252
67,1,2025-04-13 13:11:46.223087,Family Matters,Relationships,31,0.7572403928412843
68,1,2025-04-20 13:11:46.223087,Family Matters,Relationships,36,0.8962488442647553
69,1,2025-04-27 13:11:46.223087,The Gospel of Matthew,Discipleship,34,0.65759274369151
70,1,2025-05-04 13:11:46.223087,Living with Purpose,Purpose,30,0.7142145859387315
71,1,2025-05-11 13:11:46.223087,Prayers That Transform,Hope,21,0.7898286735520919
72,1,2025-05-18 13:11:46.223087,Faith in Action,Works,45,0.797311816174789
73,1,2025-05-25 13:11:46.223087,Faith in Action,Love,57,0.9048806378435377
74,1,2025-06-01 13:11:46.223087,Family Matters,Parenting,37,0.8713468742007435
75,1,2025-06-08 13:11:46.223087,Faith in Action,Faith,38,0.7314254237514662
76,1,2025-06-15 13:11:46.223087,Financial Freedom,Trust,33,0.9261998534144381
77,1,2025-06-22 13:11:46.223087,Living with Purpose,Calling,31,0.7452551647192142
78,1,2025-06-29 13:11:46.223087,Financial Freedom,Trust,44,0.6630458168797619
79,1,2025-07-06 13:11:46.223087,Prayers That Transform,Miracles,53,0.8855729074709195
80,1,2025-07-13 13:11:46.223087,Faith in Action,Works,31,0.7133148642277022
81,1,2025-07-20 13:11:46.223087,The Gospel of Matthew,Discipleship,33,0.780702975840996
82,1,2025-07-27 13:11:46.223087,Financial Freedom,Giving,31,0.8358696244242099
83,1,2025-08-03 13:11:46.223087,Prayers That Transform,Faith,42,0.8064362075385645
84,1,2025-08-10 13:11:46.223087,Family Matters,Relationships,28,0.9120688418796088
85,1,2025-08-17 13:11:46.223087,The Holy Spirit,Power,32,0.9212010717358423
86,1,2025-08-24 13:11:46.223087,Family Matters,Marriage,35,0.7322862233243979
87,1,2025-08-31 13:11:46.223087,The Holy Spirit,Spirit,37,0.6774887045386301
88,1,2025-09-07 13:11:46.223087,The Holy Spirit,Spirit,46,0.9091980008327137
89,1,2025-09-14 13:11:46.223087,Faith in Action,Faith,44,0.6948629972381312
90,1,2025-09-21 13:11:46.223087,Prayers That Transform,Prayer,38,0.7146921045557648
91,1,2025-09-28 13:11:46.223087,Prayers That Transform,Faith,42,0.8976469347026966
92,1,2025-10-05 13:11:46.223087,Prayers That Transform,Faith,40,0.9459914136725809
93,1,2025-10-12 13:11:46.223087,Faith in Action,Love,45,0.8331093898529266
94,1,2025-10-19 13:11:46.223087,The Gospel of Matthew,Kingdom,47,0.813449717667465
95,1,2025-10-26 13:11:46.223087,The Gospel of Matthew,Scripture,46,0.9367432026613991
96,1,2025-11-02 13:11:46.223087,Family Matters,Marriage,37,0.8987334791422054
97,1,2025-11-09 13:11:46.223087,The Holy Spirit,Fruit,39,0.7703773994327255
98,1,2025-11-16 13:11:46.223087,Family Matters,Parenting,34,0.6528926535396609
99,1,2025-11-23 13:11:46.223087,Prayers That Transform,Prayer,40,0.7071143885198644
100,1,2025-11-30 13:11:46.223087,The Holy Spirit,Power,36,0.8905714496711379
101,1,2025-12-07 13:11:46.223087,Family Matters,Family,50,0.743148266303305
102,1,2025-12-14 13:11:46.223087,Living with Purpose,Calling,37,0.9013191102673495
103,1,2025-12-21 13:11:46.223087,Living with Purpose,Mission,42,0.8543461222256671
104,1,2025-12-28 13:11:46.223087,Prayers That Transform,Faith,34,0.8164635404550167
105,2,2024-01-07 13:11:46.223087,Living with Purpose,Purpose,44,0.6539967049847962
106,2,2024-01-14 13:11:46.223087,Financial Freedom,Giving,31,0.8337950438504569
107,2,2024-01-21 13:11:46.223087,Living with Purpose,Calling,37,0.7835378602346952
108,2,2024-01-28 13:11:46.223087,The Holy Spirit,Gifts,34,0.8669257518369539
109,2,2024-02-04 13:11:46.223087,Prayers That Transform,Hope,36,0.8849397603344644
110,2,2024-02-11 13:11:46.223087,The Gospel of Matthew,Scripture,30,0.7678513103797218
111,2,2024-02-18 13:11:46.223087,The Gospel of Matthew,Kingdom,44,0.8120215968210475
112,2,2024-02-25 13:11:46.223087,The Holy Spirit,Gifts,40,0.7965501415182303
113,2,2024-03-03 13:11:46.223087,The Gospel of Matthew,Scripture,16,0.6817170667385205
114,2,2024-03-10 13:11:46.223087,The Gospel of Matthew,Scripture,43,0.7500118269053748
115,2,2024-03-17 13:11:46.223087,Living with Purpose,Purpose,43,0.7049454287938814
116,2,2024-03-24 13:11:46.223087,The Holy Spirit,Spirit,27,0.8890214399104351
117,2,2024-03-31 13:11:46.223087,Living with Purpose,Service,39,0.8067109489498228
118,2,2024-04-07 13:11:46.223087,The Gospel of Matthew,Discipleship,34,0.9265753156750689
119,2,2024-04-14 13:11:46.223087,Prayers That Transform,Miracles,32,0.841523110574369
120,2,2024-04-21 13:11:46.223087,The Gospel of Matthew,Scripture,38,0.8594137322759061
121,2,2024-04-28 13:11:46.223087,Financial Freedom,Contentment,39,0.6677539902439951
122,2,2024-05-05 13:11:46.223087,The Gospel of Matthew,Discipleship,16,0.8113411504689338
123,2,2024-05-12 13:11:46.223087,Living with Purpose,Mission,40,0.7535015400275914
124,2,2024-05-19 13:11:46.223087,Prayers That Transform,Miracles,32,0.85979856246294
125,2,2024-05-26 13:11:46.223087,Financial Freedom,Trust,37,0.9054499433756085
126,2,2024-06-02 13:11:46.223087,Prayers That Transform,Prayer,45,0.8113038822823032
127,2,2024-06-09 13:11:46.223087,The Holy Spirit,Fruit,39,0.7952721385430379
128,2,2024-06-16 13:11:46.223087,Prayers That Transform,Hope,25,0.9180088218990501
129,2,2024-06-23 13:11:46.223087,Living with Purpose,Purpose,42,0.7462745512770472
130,2,2024-06-30 13:11:46.223087,Faith in Action,Love,36,0.9247873484615189
131,2,2024-07-07 13:11:46.223087,Prayers That Transform,Hope,32,0.7624840981720848
132,2,2024-07-14 13:11:46.223087,The Holy Spirit,Spirit,33,0.9071958200709983
133,2,2024-07-21 13:11:46.223087,Prayers That Transform,Miracles,22,0.8329094865456177
134,2,2024-07-28 13:11:46.223087,Prayers That Transform,Hope,39,0.7973617754526445
135,2,2024-08-04 13:11:46.223087,The Gospel of Matthew,Kingdom,35,0.713559891140293
136,2,2024-08-11 13:11:46.223087,Financial Freedom,Contentment,33,0.7734295229633263
137,2,2024-08-18 13:11:46.223087,Family Matters,Marriage,19,0.7768752422830953
138,2,2024-08-25 13:11:46.223087,Family Matters,Marriage,38,0.6506996756863727
139,2,2024-09-01 13:11:46.223087,Living with Purpose,Calling,33,0.8307710866076732
140,2,2024-09-08 13:11:46.223087,Financial Freedom,Trust,37,0.9091499243215762
141,2,2024-09-15 13:11:46.223087,Living with Purpose,Purpose,47,0.9378747404326726
142,2,2024-09-22 13:11:46.223087,The Gospel of Matthew,Jesus,31,0.7650028606895176
143,2,2024-09-29 13:11:46.223087,Living with Purpose,Mission,26,0.9224155893739445
144,2,2024-10-06 13:11:46.223087,Faith in Action,Love,41,0.918660653415895
145,2,2024-10-13 13:11:46.223087,Living with Purpose,Purpose,39,0.6537510049894354
146,2,2024-10-20 13:11:46.223087,Faith in Action,Faith,27,0.9465923098979192
147,2,2024-10-27 13:11:46.223087,Family Matters,Marriage,30,0.7572070125299779
148,2,2024-11-03 13:11:46.223087,Financial Freedom,Stewardship,28,0.8163824720739878
149,2,2024-11-10 13:11:46.223087,The Gospel of Matthew,Jesus,36,0.8798564490593787
150,2,2024-11-17 13:11:46.223087,The Gospel of Matthew,Kingdom,40,0.7131223851349149
151,2,2024-11-24 13:11:46.223087,Prayers That Transform,Hope,50,0.8541385835401185
152,2,2024-12-01 13:11:46.223087,Faith in Action,Works,26,0.7316576670166461
153,2,2024-12-08 13:11:46.223087,Faith in Action,Faith,28,0.7640963078556281
154,2,2024-12-15 13:11:46.223087,Faith in Action,Works,34,0.8423720171139576
155,2,2024-12-22 13:11:46.223087,The Gospel of Matthew,Kingdom,29,0.835280187345713
156,2,2024-12-29 13:11:46.223087,Prayers That Transform,Prayer,33,0.7889131842748076
157,2,2025-01-05 13:11:46.223087,Faith in Action,Works,30,0.6845510614360096
158,2,2025-01-12 13:11:46.223087,Family Matters,Parenting,46,0.6523288960075313
159,2,2025-01-19 13:11:46.223087,Family Matters,Relationships,40,0.8996834102841561
160,2,2025-01-26 13:11:46.223087,Living with Purpose,Purpose,43,0.9130192194619253
161,2,2025-02-02 13:11:46.223087,The Holy Spirit,Power,39,0.7992552749625624
162,2,2025-02-09 13:11:46.223087,Financial Freedom,Stewardship,24,0.6716983631005231
163,2,2025-02-16 13:11:46.223087,Financial Freedom,Trust,24,0.726701472629488
164,2,2025-02-23 13:11:46.223087,Financial Freedom,Giving,39,0.7006839844853794
165,2,2025-03-02 13:11:46.223087,Prayers That Transform,Prayer,25,0.859815994558666
166,2,2025-03-09 13:11:46.223087,The Gospel of Matthew,Discipleship,32,0.6548029247758658
167,2,2025-03-16 13:11:46.223087,The Gospel of Matthew,Scripture,52,0.7625481930851445
168,2,2025-03-23 13:11:46.223087,Faith in Action,Works,36,0.9062360040718971
169,2,2025-03-30 13:11:46.223087,Living with Purpose,Mission,33,0.6629882567516031
170,2,2025-04-06 13:11:46.223087,The Gospel of Matthew,Jesus,48,0.7429053473038447
171,2,2025-04-13 13:11:46.223087,Living with Purpose,Calling,33,0.8117855631633408
172,2,2025-04-20 13:11:46.223087,The Gospel of Matthew,Jesus,32,0.6925866741841586
173,2,2025-04-27 13:11:46.223087,Living with Purpose,Calling,44,0.9266890995327582
174,2,2025-05-04 13:11:46.223087,The Gospel of Matthew,Scripture,21,0.8332380035825178
175,2,2025-05-11 13:11:46.223087,Family Matters,Family,25,0.8986030065878834
176,2,2025-05-18 13:11:46.223087,The Holy Spirit,Fruit,35,0.7533896345080808
177,2,2025-05-25 13:11:46.223087,The Gospel of Matthew,Kingdom,37,0.7815181806317197
178,2,2025-06-01 13:11:46.223087,Prayers That Transform,Prayer,27,0.9313324407228452
179,2,2025-06-08 13:11:46.223087,Family Matters,Marriage,19,0.8687832317716755
180,2,2025-06-15 13:11:46.223087,The Holy Spirit,Fruit,36,0.7957055606194487
181,2,2025-06-22 13:11:46.223087,Faith in Action,Faith,18,0.9031200174878901
182,2,2025-06-29 13:11:46.223087,The Gospel of Matthew,Kingdom,30,0.8498555145411305
183,2,2025-07-06 13:11:46.223087,Living with Purpose,Calling,27,0.893327305971367
184,2,2025-07-13 13:11:46.223087,Financial Freedom,Contentment,27,0.8058309944057163
185,2,2025-07-20 13:11:46.223087,Family Matters,Relationships,42,0.7444690160846844
186,2,2025-07-27 13:11:46.223087,Prayers That Transform,Miracles,53,0.6675717973068649
187,2,2025-08-03 13:11:46.223087,The Gospel of Matthew,Jesus,29,0.9373316483367886
188,2,2025-08-10 13:11:46.223087,Financial Freedom,Contentment,18,0.7932035398466082
189,2,2025-08-17 13:11:46.223087,Prayers That Transform,Faith,49,0.900377955528414
190,2,2025-08-24 13:11:46.223087,Financial Freedom,Giving,41,0.8169419109684364
191,2,2025-08-31 13:11:46.223087,Family Matters,Relationships,26,0.8789780658322908
192,2,2025-09-07 13:11:46.223087,Living with Purpose,Purpose,37,0.8451400054293677
193,2,2025-09-14 13:11:46.223087,The Gospel of Matthew,Jesus,32,0.883591633385243
194,2,2025-09-21 13:11:46.223087,Prayers That Transform,Hope,45,0.8835719858017934
195,2,2025-09-28 13:11:46.223087,Financial Freedom,Giving,34,0.7006127793010624
196,2,2025-10-05 13:11:46.223087,Financial Freedom,Trust,40,0.94254981640017
197,2,2025-10-12 13:11:46.223087,The Holy Spirit,Fruit,45,0.8327171826174988
198,2,2025-10-19 13:11:46.223087,Financial Freedom,Trust,32,0.7481436499153055
199,2,2025-10-26 13:11:46.223087,Financial Freedom,Giving,36,0.8393831324730151
200,2,2025-11-02 13:11:46.223087,Prayers That Transform,Miracles,30,0.9062176539209288
201,2,2025-11-09 13:11:46.223087,Family Matters,Marriage,21,0.9408302066550369
202,2,2025-11-16 13:11:46.223087,The Gospel of Matthew,Kingdom,35,0.788617003947255
203,2,2025-11-23 13:11:46.223087,The Holy Spirit,Fruit,38,0.7798865855831305
204,2,2025-11-30 13:11:46.223087,Faith in Action,Service,36,0.9213076903218083
205,2,2025-12-07 13:11:46.223087,Living with Purpose,Mission,18,0.8621840786588384
206,2,2025-12-14 13:11:46.223087,Financial Freedom,Stewardship,38,0.8286855647562379
207,2,2025-12-21 13:11:46.223087,Prayers That Transform,Miracles,29,0.8861769303660594
208,2,2025-12-28 13:11:46.223087,The Holy Spirit,Gifts,34,0.8572042594337734
209,3,2024-01-07 13:11:46.223087,The Gospel of Matthew,Kingdom,29,0.8667157510370874
210,3,2024-01-14 13:11:46.223087,The Holy Spirit,Gifts,41,0.6655752737457036
211,3,2024-01-21 13:11:46.223087,Living with Purpose,Service,24,0.7534988703672336
212,3,2024-01-28 13:11:46.223087,The Gospel of Matthew,Discipleship,34,0.9067261751375939
213,3,2024-02-04 13:11:46.223087,Prayers That Transform,Miracles,40,0.693783990541445
214,3,2024-02-11 13:11:46.223087,Faith in Action,Works,52,0.7432888448770738
215,3,2024-02-18 13:11:46.223087,Financial Freedom,Stewardship,27,0.9438015557773494
216,3,2024-02-25 13:11:46.223087,The Gospel of Matthew,Kingdom,20,0.8489194884217361
217,3,2024-03-03 13:11:46.223087,Living with Purpose,Calling,35,0.9038202246463682
218,3,2024-03-10 13:11:46.223087,Living with Purpose,Service,30,0.9341287380227185
219,3,2024-03-17 13:11:46.223087,Prayers That Transform,Prayer,19,0.6910897498836177
220,3,2024-03-24 13:11:46.223087,Financial Freedom,Stewardship,49,0.8043289914821316
221,3,2024-03-31 13:11:46.223087,Prayers That Transform,Faith,19,0.8392853328173124
222,3,2024-04-07 13:11:46.223087,Prayers That Transform,Prayer,18,0.7622805383452946
223,3,2024-04-14 13:11:46.223087,Faith in Action,Faith,29,0.8363427259559859
224,3,2024-04-21 13:11:46.223087,The Holy Spirit,Spirit,19,0.7471778346163819
225,3,2024-04-28 13:11:46.223087,The Holy Spirit,Spirit,21,0.8974568158891718
226,3,2024-05-05 13:11:46.223087,The Holy Spirit,Gifts,37,0.9416033650172013
227,3,2024-05-12 13:11:46.223087,Faith in Action,Faith,25,0.7082031826432904
228,3,2024-05-19 13:11:46.223087,Financial Freedom,Trust,48,0.7792295642460028
229,3,2024-05-26 13:11:46.223087,The Gospel of Matthew,Jesus,30,0.6530442346113042
230,3,2024-06-02 13:11:46.223087,The Gospel of Matthew,Discipleship,43,0.8763074499143055
231,3,2024-06-09 13:11:46.223087,Financial Freedom,Giving,42,0.8028999850969414
232,3,2024-06-16 13:11:46.223087,Family Matters,Parenting,43,0.7301248986535311
233,3,2024-06-23 13:11:46.223087,Faith in Action,Faith,29,0.7105218611994382
234,3,2024-06-30 13:11:46.223087,The Gospel of Matthew,Discipleship,27,0.7545847367436924
235,3,2024-07-07 13:11:46.223087,Living with Purpose,Purpose,28,0.9481547014399258
236,3,2024-07-14 13:11:46.223087,The Gospel of Matthew,Kingdom,33,0.9242557003483208
237,3,2024-07-21 13:11:46.223087,The Holy Spirit,Gifts,27,0.6520391236692529
238,3,2024-07-28 13:11:46.223087,The Holy Spirit,Fruit,23,0.8488569209590204
239,3,2024-08-04 13:11:46.223087,Prayers That Transform,Prayer,32,0.9452477502507841
240,3,2024-08-11 13:11:46.223087,The Holy Spirit,Gifts,40,0.7904502987381781
241,3,2024-08-18 13:11:46.223087,Prayers That Transform,Miracles,41,0.8227212362280406
242,3,2024-08-25 13:11:46.223087,The Gospel of Matthew,Scripture,17,0.9405611960105988
243,3,2024-09-01 13:11:46.223087,Prayers That Transform,Miracles,39,0.9150076289562723
244,3,2024-09-08 13:11:46.223087,Family Matters,Family,32,0.8747560964347438
245,3,2024-09-15 13:11:46.223087,Prayers That Transform,Prayer,39,0.8174378406058419
246,3,2024-09-22 13:11:46.223087,The Holy Spirit,Power,25,0.7864646794741772
247,3,2024-09-29 13:11:46.223087,The Gospel of Matthew,Jesus,37,0.7978586263192888
248,3,2024-10-06 13:11:46.223087,Prayers That Transform,Faith,42,0.723691042875877
249,3,2024-10-13 13:11:46.223087,Living with Purpose,Purpose,47,0.6694011482712814
250,3,2024-10-20 13:11:46.223087,Faith in Action,Works,37,0.8177674521037577
251,3,2024-10-27 13:11:46.223087,The Holy Spirit,Spirit,43,0.7053053578598105
252,3,2024-11-03 13:11:46.223087,Faith in Action,Service,35,0.848773518503071
253,3,2024-11-10 13:11:46.223087,Faith in Action,Faith,36,0.7616035839344223
254,3,2024-11-17 13:11:46.223087,Living with Purpose,Service,47,0.7581301343755604
255,3,2024-11-24 13:11:46.223087,Living with Purpose,Purpose,35,0.9341353258149648
256,3,2024-12-01 13:11:46.223087,Living with Purpose,Mission,22,0.7897688925612143
257,3,2024-12-08 13:11:46.223087,Living with Purpose,Calling,24,0.8240359428898397
258,3,2024-12-15 13:11:46.223087,Financial Freedom,Giving,25,0.7755913789111559
259,3,2024-12-22 13:11:46.223087,Financial Freedom,Trust,32,0.837392624279215
260,3,2024-12-29 13:11:46.223087,Financial Freedom,Giving,55,0.8490787881839299
261,3,2025-01-05 13:11:46.223087,Family Matters,Relationships,46,0.7487664169054125
262,3,2025-01-12 13:11:46.223087,Financial Freedom,Giving,26,0.9054906354421179
263,3,2025-01-19 13:11:46.223087,Living with Purpose,Purpose,28,0.8318414294364073
264,3,2025-01-26 13:11:46.223087,Living with Purpose,Calling,34,0.677872953336744
265,3,2025-02-02 13:11:46.223087,Financial Freedom,Trust,33,0.6920212215026882
266,3,2025-02-09 13:11:46.223087,The Gospel of Matthew,Kingdom,29,0.9302583604312911
267,3,2025-02-16 13:11:46.223087,Prayers That Transform,Hope,36,0.8663553220312776
268,3,2025-02-23 13:11:46.223087,Faith in Action,Works,42,0.8311745838516028
269,3,2025-03-02 13:11:46.223087,Prayers That Transform,Faith,28,0.9337099267410174
270,3,2025-03-09 13:11:46.223087,Faith in Action,Works,37,0.6624423738291829
271,3,2025-03-16 13:11:46.223087,Prayers That Transform,Prayer,49,0.7543672756082119
272,3,2025-03-23 13:11:46.223087,The Holy Spirit,Fruit,29,0.773235133759198
273,3,2025-03-30 13:11:46.223087,Prayers That Transform,Faith,30,0.8028360804582453
274,3,2025-04-06 13:11:46.223087,Financial Freedom,Contentment,21,0.8591208236602806
275,3,2025-04-13 13:11:46.223087,The Gospel of Matthew,Scripture,30,0.7403488842441409
276,3,2025-04-20 13:11:46.223087,The Holy Spirit,Gifts,45,0.77075338643691
277,3,2025-04-27 13:11:46.223087,Prayers That Transform,Hope,35,0.9462612925365708
278,3,2025-05-04 13:11:46.223087,Prayers That Transform,Prayer,22,0.7819026660016443
279,3,2025-05-11 13:11:46.223087,Faith in Action,Works,25,0.7541608058181009
280,3,2025-05-18 13:11:46.223087,Financial Freedom,Trust,44,0.7332396107147721
281,3,2025-05-25 13:11:46.223087,Living with Purpose,Purpose,40,0.6897308330936391
282,3,2025-06-01 13:11:46.223087,Family Matters,Relationships,25,0.8240163594732118
283,3,2025-06-08 13:11:46.223087,Financial Freedom,Trust,39,0.8230958257277754
284,3,2025-06-15 13:11:46.223087,Living with Purpose,Service,43,0.8009459016269189
285,3,2025-06-22 13:11:46.223087,Living with Purpose,Mission,25,0.6506711949567201
286,3,2025-06-29 13:11:46.223087,Financial Freedom,Contentment,22,0.825093441976209
287,3,2025-07-06 13:11:46.223087,Prayers That Transform,Hope,43,0.7922950833699883
288,3,2025-07-13 13:11:46.223087,Family Matters,Family,28,0.7702300528579236
289,3,2025-07-20 13:11:46.223087,The Holy Spirit,Power,38,0.7581985882860751
290,3,2025-07-27 13:11:46.223087,Financial Freedom,Stewardship,24,0.6764152277898499
291,3,2025-08-03 13:11:46.223087,Faith in Action,Service,45,0.7405520936748531
292,3,2025-08-10 13:11:46.223087,Prayers That Transform,Prayer,49,0.7911458048680955
293,3,2025-08-17 13:11:46.223087,Prayers That Transform,Prayer,22,0.8722626131906766
294,3,2025-08-24 13:11:46.223087,The Holy Spirit,Spirit,44,0.8275329806678715
295,3,2025-08-31 13:11:46.223087,Financial Freedom,Stewardship,26,0.9139499461744012
296,3,2025-09-07 13:11:46.223087,Financial Freedom,Contentment,18,0.6829350980920704
297,3,2025-09-14 13:11:46.223087,Family Matters,Parenting,16,0.6659968089623074
298,3,2025-09-21 13:11:46.223087,Financial Freedom,Contentment,47,0.6921894465863945
299,3,2025-09-28 13:11:46.223087,Financial Freedom,Contentment,15,0.9146701075197128
300,3,2025-10-05 13:11:46.223087,Living with Purpose,Service,37,0.8496422015582954
301,3,2025-10-12 13:11:46.223087,The Holy Spirit,Fruit,26,0.762839594852178
302,3,2025-10-19 13:11:46.223087,Living with Purpose,Mission,33,0.670411497628784
303,3,2025-10-26 13:11:46.223087,The Gospel of Matthew,Jesus,28,0.6556854726230609
304,3,2025-11-02 13:11:46.223087,Family Matters,Marriage,34,0.669250417805792
305,3,2025-11-09 13:11:46.223087,Faith in Action,Works,52,0.830272526197475
306,3,2025-11-16 13:11:46.223087,Living with Purpose,Calling,38,0.8890588501534633
307,3,2025-11-23 13:11:46.223087,Living with Purpose,Service,25,0.8606431964411242
308,3,2025-11-30 13:11:46.223087,Faith in Action,Faith,31,0.8461531651499321
309,3,2025-12-07 13:11:46.223087,Family Matters,Parenting,34,0.9395732332011573
310,3,2025-12-14 13:11:46.223087,Faith in Action,Love,42,0.8823042889001244
311,3,2025-12-21 13:11:46.223087,Family Matters,Marriage,42,0.9406734469072695
312,3,2025-12-28 13:11:46.223087,Financial Freedom,Giving,32,0.7435245695261992
313,4,2024-01-07 13:11:46.223087,Prayers That Transform,Miracles,29,0.7193466339742642
314,4,2024-01-14 13:11:46.223087,Family Matters,Marriage,25,0.6915155782369223
315,4,2024-01-21 13:11:46.223087,Prayers That Transform,Prayer,45,0.8488212753279747
316,4,2024-01-28 13:11:46.223087,Financial Freedom,Giving,35,0.8865545633205892
317,4,2024-02-04 13:11:46.223087,The Gospel of Matthew,Jesus,34,0.8672676747926928
318,4,2024-02-11 13:11:46.223087,Faith in Action,Faith,45,0.8409271453276255
319,4,2024-02-18 13:11:46.223087,The Gospel of Matthew,Scripture,26,0.73847032391992
320,4,2024-02-25 13:11:46.223087,The Gospel of Matthew,Kingdom,29,0.6988499458190195
321,4,2024-03-03 13:11:46.223087,The Holy Spirit,Gifts,31,0.6641406816497504
322,4,2024-03-10 13:11:46.223087,Faith in Action,Works,35,0.8773727046153529
323,4,2024-03-17 13:11:46.223087,The Gospel of Matthew,Jesus,37,0.7583985374956049
324,4,2024-03-24 13:11:46.223087,Financial Freedom,Contentment,39,0.8812279291929419
325,4,2024-03-31 13:11:46.223087,Faith in Action,Faith,47,0.8777531609211695
326,4,2024-04-07 13:11:46.223087,Prayers That Transform,Prayer,45,0.779908651021089
327,4,2024-04-14 13:11:46.223087,Financial Freedom,Giving,43,0.814900422408552
328,4,2024-04-21 13:11:46.223087,Prayers That Transform,Miracles,30,0.8250604069076835
329,4,2024-04-28 13:11:46.223087,Faith in Action,Service,26,0.7395131504024873
330,4,2024-05-05 13:11:46.223087,The Gospel of Matthew,Kingdom,50,0.94334489126718
331,4,2024-05-12 13:11:46.223087,Family Matters,Relationships,32,0.8181969875922661
332,4,2024-05-19 13:11:46.223087,Living with Purpose,Mission,29,0.7819106682026088
333,4,2024-05-26 13:11:46.223087,Financial Freedom,Stewardship,36,0.8548366818966239
334,4,2024-06-02 13:11:46.223087,Prayers That Transform,Faith,30,0.9400882718209076
335,4,2024-06-09 13:11:46.223087,Faith in Action,Service,30,0.660338065661022
336,4,2024-06-16 13:11:46.223087,The Holy Spirit,Fruit,32,0.8013361388952813
337,4,2024-06-23 13:11:46.223087,Family Matters,Relationships,36,0.6873969232939712
338,4,2024-06-30 13:11:46.223087,Family Matters,Relationships,31,0.8298794112612563
339,4,2024-07-07 13:11:46.223087,Prayers That Transform,Faith,37,0.9330250858622101
340,4,2024-07-14 13:11:46.223087,Living with Purpose,Mission,39,0.9465949936871834
341,4,2024-07-21 13:11:46.223087,Financial Freedom,Stewardship,26,0.7707422159477577
342,4,2024-07-28 13:11:46.223087,Prayers That Transform,Faith,33,0.9314349475035072
343,4,2024-08-04 13:11:46.223087,The Gospel of Matthew,Jesus,31,0.7715967507539215
344,4,2024-08-11 13:11:46.223087,Faith in Action,Service,29,0.8781174886917898
345,4,2024-08-18 13:11:46.223087,Living with Purpose,Purpose,35,0.878149355173176
346,4,2024-08-25 13:11:46.223087,Prayers That Transform,Miracles,27,0.825104562922982
347,4,2024-09-01 13:11:46.223087,Faith in Action,Service,36,0.6508768182232142
348,4,2024-09-08 13:11:46.223087,The Gospel of Matthew,Kingdom,35,0.6850939910921424
349,4,2024-09-15 13:11:46.223087,Faith in Action,Faith,37,0.6546495459676139
350,4,2024-09-22 13:11:46.223087,The Gospel of Matthew,Kingdom,40,0.7518617305525069
351,4,2024-09-29 13:11:46.223087,Prayers That Transform,Faith,29,0.8999258237127667
352,4,2024-10-06 13:11:46.223087,Family Matters,Parenting,36,0.8084950193609388
353,4,2024-10-13 13:11:46.223087,Living with Purpose,Calling,33,0.8928121347960465
354,4,2024-10-20 13:11:46.223087,Financial Freedom,Giving,40,0.9341840082860634
355,4,2024-10-27 13:11:46.223087,Prayers That Transform,Prayer,28,0.7637912384542214
356,4,2024-11-03 13:11:46.223087,Financial Freedom,Contentment,22,0.726777680674435
357,4,2024-11-10 13:11:46.223087,Financial Freedom,Trust,31,0.7629085475921763
358,4,2024-11-17 13:11:46.223087,Financial Freedom,Contentment,19,0.7584369082560776
359,4,2024-11-24 13:11:46.223087,Financial Freedom,Giving,37,0.784594115764616
360,4,2024-12-01 13:11:46.223087,The Holy Spirit,Power,40,0.8846462016510203
361,4,2024-12-08 13:11:46.223087,The Gospel of Matthew,Discipleship,30,0.756868565589752
362,4,2024-12-15 13:11:46.223087,The Gospel of Matthew,Scripture,26,0.8979251705069276
363,4,2024-12-22 13:11:46.223087,The Gospel of Matthew,Discipleship,36,0.8772649809580508
364,4,2024-12-29 13:11:46.223087,Faith in Action,Faith,18,0.7533400781713696
365,4,2025-01-05 13:11:46.223087,The Gospel of Matthew,Kingdom,42,0.6657219123121411
366,4,2025-01-12 13:11:46.223087,Financial Freedom,Stewardship,41,0.8493850710160786
367,4,2025-01-19 13:11:46.223087,Faith in Action,Service,37,0.7589723723090599
368,4,2025-01-26 13:11:46.223087,Financial Freedom,Trust,35,0.7954310834845622
369,4,2025-02-02 13:11:46.223087,Faith in Action,Love,39,0.6917380912393971
370,4,2025-02-09 13:11:46.223087,The Holy Spirit,Gifts,32,0.8321828512630389
371,4,2025-02-16 13:11:46.223087,Financial Freedom,Stewardship,26,0.7058740866805546
372,4,2025-02-23 13:11:46.223087,Faith in Action,Service,34,0.7230030158691816
373,4,2025-03-02 13:11:46.223087,The Holy Spirit,Fruit,38,0.7071415817787362
374,4,2025-03-09 13:11:46.223087,The Gospel of Matthew,Scripture,35,0.6584506444299156
375,4,2025-03-16 13:11:46.223087,Faith in Action,Service,40,0.8173628527122692
376,4,2025-03-23 13:11:46.223087,Financial Freedom,Stewardship,45,0.715219395048371
377,4,2025-03-30 13:11:46.223087,The Holy Spirit,Gifts,28,0.9372468259341037
378,4,2025-04-06 13:11:46.223087,Faith in Action,Love,26,0.7087288361273896
379,4,2025-04-13 13:11:46.223087,Financial Freedom,Giving,42,0.9404186003243808
380,4,2025-04-20 13:11:46.223087,The Holy Spirit,Power,49,0.896012014653607
381,4,2025-04-27 13:11:46.223087,Family Matters,Relationships,42,0.7391124917326964
382,4,2025-05-04 13:11:46.223087,Living with Purpose,Purpose,23,0.7652765926273897
383,4,2025-05-11 13:11:46.223087,Faith in Action,Love,24,0.9167446025961343
384,4,2025-05-18 13:11:46.223087,Living with Purpose,Service,41,0.6571897885139502
385,4,2025-05-25 13:11:46.223087,Living with Purpose,Service,38,0.7725400248373069
386,4,2025-06-01 13:11:46.223087,Faith in Action,Works,33,0.8403850421296628
387,4,2025-06-08 13:11:46.223087,The Gospel of Matthew,Jesus,36,0.718907757419275
388,4,2025-06-15 13:11:46.223087,Faith in Action,Love,23,0.7459498121898005
389,4,2025-06-22 13:11:46.223087,Living with Purpose,Mission,53,0.8797321612844153
390,4,2025-06-29 13:11:46.223087,The Holy Spirit,Power,47,0.8253003811649741
391,4,2025-07-06 13:11:46.223087,Faith in Action,Works,28,0.892704618762959
392,4,2025-07-13 13:11:46.223087,The Gospel of Matthew,Scripture,46,0.7591671292258747
393,4,2025-07-20 13:11:46.223087,Family Matters,Marriage,24,0.8229315073325509
394,4,2025-07-27 13:11:46.223087,Living with Purpose,Service,34,0.7952016913181257
395,4,2025-08-03 13:11:46.223087,The Holy Spirit,Gifts,18,0.6576225160051266
396,4,2025-08-10 13:11:46.223087,Faith in Action,Faith,44,0.839760236779685
397,4,2025-08-17 13:11:46.223087,Prayers That Transform,Hope,30,0.8363388829394948
398,4,2025-08-24 13:11:46.223087,Living with Purpose,Purpose,28,0.7644996310441724
399,4,2025-08-31 13:11:46.223087,Family Matters,Parenting,47,0.7805892851878976
400,4,2025-09-07 13:11:46.223087,The Holy Spirit,Spirit,34,0.7080643359778802
401,4,2025-09-14 13:11:46.223087,Faith in Action,Works,33,0.7291323524328561
402,4,2025-09-21 13:11:46.223087,Family Matters,Relationships,38,0.7458027400916877
403,4,2025-09-28 13:11:46.223087,The Holy Spirit,Gifts,21,0.9299741879349493
404,4,2025-10-05 13:11:46.223087,The Holy Spirit,Spirit,25,0.906820152323849
405,4,2025-10-12 13:11:46.223087,Living with Purpose,Mission,29,0.9081104420058173
406,4,2025-10-19 13:11:46.223087,Faith in Action,Works,25,0.7141326887945579
407,4,2025-10-26 13:11:46.223087,The Holy Spirit,Power,41,0.773880492152013
408,4,2025-11-02 13:11:46.223087,Living with Purpose,Mission,39,0.8903884299357995
409,4,2025-11-09 13:11:46.223087,Financial Freedom,Contentment,38,0.718549726666121
410,4,2025-11-16 13:11:46.223087,Faith in Action,Faith,33,0.8364947426762874
411,4,2025-11-23 13:11:46.223087,Living with Purpose,Service,41,0.7308961425863492
412,4,2025-11-30 13:11:46.223087,Prayers That Transform,Hope,39,0.6545645573344776
413,4,2025-12-07 13:11:46.223087,Prayers That Transform,Miracles,49,0.7465206540502402
414,4,2025-12-14 13:11:46.223087,Financial Freedom,Giving,33,0.6773492208276432
415,4,2025-12-21 13:11:46.223087,Prayers That Transform,Hope,33,0.9162377728884232
416,4,2025-12-28 13:11:46.223087,Faith in Action,Service,35,0.943378306543053
417,5,2024-01-07 13:11:46.223087,The Gospel of Matthew,Kingdom,37,0.9341962402681674
418,5,2024-01-14 13:11:46.223087,The Gospel of Matthew,Jesus,34,0.6667406129098816
419,5,2024-01-21 13:11:46.223087,Financial Freedom,Giving,39,0.8818352706024898
420,5,2024-01-28 13:11:46.223087,Faith in Action,Love,30,0.8750481441631719
421,5,2024-02-04 13:11:46.223087,Prayers That Transform,Faith,39,0.8637225981284987
422,5,2024-02-11 13:11:46.223087,The Holy Spirit,Gifts,37,0.6997295044210132
423,5,2024-02-18 13:11:46.223087,Living with Purpose,Service,37,0.6928834435264198
424,5,2024-02-25 13:11:46.223087,Faith in Action,Service,45,0.8445131337058535
425,5,2024-03-03 13:11:46.223087,Faith in Action,Faith,27,0.696209506573527
426,5,2024-03-10 13:11:46.223087,Faith in Action,Service,22,0.9406361664593998
427,5,2024-03-17 13:11:46.223087,Financial Freedom,Stewardship,37,0.735077074205279
428,5,2024-03-24 13:11:46.223087,Family Matters,Family,31,0.8041071233257353
429,5,2024-03-31 13:11:46.223087,Financial Freedom,Stewardship,29,0.8944288417542103
430,5,2024-04-07 13:11:46.223087,Faith in Action,Faith,19,0.7667943221790078
431,5,2024-04-14 13:11:46.223087,Faith in Action,Faith,24,0.9096706859455221
432,5,2024-04-21 13:11:46.223087,Faith in Action,Works,49,0.8605394222750781
433,5,2024-04-28 13:11:46.223087,Financial Freedom,Giving,26,0.8634604716313953
434,5,2024-05-05 13:11:46.223087,Prayers That Transform,Faith,22,0.8449399265793189
435,5,2024-05-12 13:11:46.223087,Financial Freedom,Giving,30,0.8453202703298374
436,5,2024-05-19 13:11:46.223087,Financial Freedom,Trust,34,0.8535548440649445
437,5,2024-05-26 13:11:46.223087,The Gospel of Matthew,Discipleship,34,0.7533329098969468
438,5,2024-06-02 13:11:46.223087,Financial Freedom,Stewardship,39,0.914598202882462
439,5,2024-06-09 13:11:46.223087,Prayers That Transform,Prayer,23,0.7942162122194286
440,5,2024-06-16 13:11:46.223087,Prayers That Transform,Faith,33,0.8168766810447754
441,5,2024-06-23 13:11:46.223087,Living with Purpose,Calling,39,0.6564667113045671
442,5,2024-06-30 13:11:46.223087,The Holy Spirit,Fruit,38,0.7232462703090037
443,5,2024-07-07 13:11:46.223087,Prayers That Transform,Hope,37,0.9466341831129569
444,5,2024-07-14 13:11:46.223087,Family Matters,Relationships,33,0.8622028191855304
445,5,2024-07-21 13:11:46.223087,The Holy Spirit,Gifts,31,0.8282946059814902
446,5,2024-07-28 13:11:46.223087,Financial Freedom,Contentment,39,0.9454311200944678
447,5,2024-08-04 13:11:46.223087,Prayers That Transform,Prayer,21,0.8563769741938496
448,5,2024-08-11 13:11:46.223087,Faith in Action,Works,26,0.811750308780373
449,5,2024-08-18 13:11:46.223087,Prayers That Transform,Hope,29,0.7779362561223833
450,5,2024-08-25 13:11:46.223087,Faith in Action,Works,25,0.7871444123732956
451,5,2024-09-01 13:11:46.223087,The Gospel of Matthew,Kingdom,37,0.6529650896342365
452,5,2024-09-08 13:11:46.223087,The Gospel of Matthew,Jesus,31,0.9485992621557018
453,5,2024-09-15 13:11:46.223087,The Holy Spirit,Fruit,24,0.6788170130558275
454,5,2024-09-22 13:11:46.223087,The Holy Spirit,Fruit,49,0.8729171927378312
455,5,2024-09-29 13:11:46.223087,The Gospel of Matthew,Scripture,25,0.7623942991163748
456,5,2024-10-06 13:11:46.223087,Faith in Action,Love,33,0.8769321487886311
457,5,2024-10-13 13:11:46.223087,Family Matters,Relationships,36,0.8324483119686124
458,5,2024-10-20 13:11:46.223087,The Gospel of Matthew,Kingdom,36,0.8172742136438857
459,5,2024-10-27 13:11:46.223087,Faith in Action,Love,27,0.72697190401151
460,5,2024-11-03 13:11:46.223087,The Gospel of Matthew,Kingdom,41,0.6939034653373415
461,5,2024-11-10 13:11:46.223087,Prayers That Transform,Prayer,23,0.7085899592472188
462,5,2024-11-17 13:11:46.223087,Prayers That Transform,Faith,24,0.8040619223185045
463,5,2024-11-24 13:11:46.223087,The Holy Spirit,Spirit,54,0.7452641712200688
464,5,2024-12-01 13:11:46.223087,Living with Purpose,Mission,31,0.9105326472385309
465,5,2024-12-08 13:11:46.223087,Family Matters,Family,27,0.8011522748071463
466,5,2024-12-15 13:11:46.223087,Living with Purpose,Mission,51,0.6662065006089258
467,5,2024-12-22 13:11:46.223087,Prayers That Transform,Faith,37,0.7211273142514094
468,5,2024-12-29 13:11:46.223087,The Gospel of Matthew,Jesus,32,0.6557894247880499
469,5,2025-01-05 13:11:46.223087,Faith in Action,Service,30,0.9318869560955689
470,5,2025-01-12 13:11:46.223087,Faith in Action,Works,25,0.7526762019094745
471,5,2025-01-19 13:11:46.223087,Faith in Action,Love,47,0.9070675819574097
472,5,2025-01-26 13:11:46.223087,Prayers That Transform,Faith,38,0.9235979812559216
473,5,2025-02-02 13:11:46.223087,Prayers That Transform,Faith,30,0.6864073263198873
474,5,2025-02-09 13:11:46.223087,Prayers That Transform,Prayer,46,0.8362335790396469
475,5,2025-02-16 13:11:46.223087,The Holy Spirit,Spirit,39,0.9050150901372989
476,5,2025-02-23 13:11:46.223087,Faith in Action,Service,35,0.9094535436398454
477,5,2025-03-02 13:11:46.223087,Prayers That Transform,Faith,37,0.8777098222754441
478,5,2025-03-09 13:11:46.223087,Financial Freedom,Contentment,36,0.6540053457972308
479,5,2025-03-16 13:11:46.223087,The Gospel of Matthew,Discipleship,36,0.9314147610939013
480,5,2025-03-23 13:11:46.223087,Family Matters,Parenting,34,0.6762383279160242
481,5,2025-03-30 13:11:46.223087,The Gospel of Matthew,Kingdom,35,0.7389002683395574
482,5,2025-04-06 13:11:46.223087,Financial Freedom,Stewardship,28,0.6758666932692559
483,5,2025-04-13 13:11:46.223087,Faith in Action,Love,38,0.8210845667542654
484,5,2025-04-20 13:11:46.223087,The Holy Spirit,Power,44,0.8978432161939882
485,5,2025-04-27 13:11:46.223087,Living with Purpose,Purpose,34,0.9460823790677637
486,5,2025-05-04 13:11:46.223087,The Holy Spirit,Spirit,46,0.7970220553061603
487,5,2025-05-11 13:11:46.223087,Prayers That Transform,Miracles,38,0.7525536253478339
488,5,2025-05-18 13:11:46.223087,Financial Freedom,Giving,23,0.908435666949496
489,5,2025-05-25 13:11:46.223087,Living with Purpose,Purpose,31,0.7756747414897541
490,5,2025-06-01 13:11:46.223087,The Gospel of Matthew,Kingdom,38,0.6896107905031441
491,5,2025-06-08 13:11:46.223087,Family Matters,Marriage,33,0.7778725767856692
492,5,2025-06-15 13:11:46.223087,Living with Purpose,Service,34,0.8842961069253199
493,5,2025-06-22 13:11:46.223087,The Holy Spirit,Fruit,38,0.8530722613057589
494,5,2025-06-29 13:11:46.223087,The Holy Spirit,Power,41,0.8922632267786894
495,5,2025-07-06 13:11:46.223087,Faith in Action,Service,33,0.6545979499640456
496,5,2025-07-13 13:11:46.223087,The Holy Spirit,Power,25,0.6998700466965068
497,5,2025-07-20 13:11:46.223087,The Gospel of Matthew,Scripture,29,0.7239446244604634
498,5,2025-07-27 13:11:46.223087,Faith in Action,Faith,20,0.9275814321001964
499,5,2025-08-03 13:11:46.223087,Living with Purpose,Purpose,29,0.6660083041800337
500,5,2025-08-10 13:11:46.223087,Prayers That Transform,Hope,31,0.6998974765783862
501,5,2025-08-17 13:11:46.223087,The Gospel of Matthew,Scripture,19,0.7052520021595529
502,5,2025-08-24 13:11:46.223087,Living with Purpose,Purpose,35,0.6543696933965328
503,5,2025-08-31 13:11:46.223087,The Holy Spirit,Power,33,0.886520677862198
504,5,2025-09-07 13:11:46.223087,Financial Freedom,Contentment,44,0.8801405728555631
505,5,2025-09-14 13:11:46.223087,Financial Freedom,Giving,43,0.6758123542396592
506,5,2025-09-21 13:11:46.223087,Family Matters,Parenting,36,0.6938323614431382
507,5,2025-09-28 13:11:46.223087,Prayers That Transform,Hope,25,0.7555335237116034
508,5,2025-10-05 13:11:46.223087,Living with Purpose,Service,32,0.8110345809445773
509,5,2025-10-12 13:11:46.223087,The Holy Spirit,Power,35,0.7526301835535169
510,5,2025-10-19 13:11:46.223087,Financial Freedom,Contentment,43,0.7737438477648906
511,5,2025-10-26 13:11:46.223087,The Holy Spirit,Spirit,50,0.7795182387063587
512,5,2025-11-02 13:11:46.223087,Living with Purpose,Calling,47,0.6824424893220402
513,5,2025-11-09 13:11:46.223087,Prayers That Transform,Hope,31,0.76566934628155
514,5,2025-11-16 13:11:46.223087,Living with Purpose,Calling,27,0.6956414928690935
515,5,2025-11-23 13:11:46.223087,Faith in Action,Service,34,0.9106730395646019
516,5,2025-11-30 13:11:46.223087,Prayers That Transform,Hope,52,0.7019178492805423
517,5,2025-12-07 13:11:46.223087,Financial Freedom,Trust,34,0.8449620519140533
518,5,2025-12-14 13:11:46.223087,The Gospel of Matthew,Scripture,33,0.653146587960857
519,5,2025-12-21 13:11:46.223087,Financial Freedom,Contentment,36,0.7358018897825279
520,5,2025-12-28 13:11:46.223087,Faith in Action,Works,34,0.7842516993140021
